trucker,outcome,winsorize,threshold,estimate,se,low,high,pval,n_exps
domain,count,0.9,40,-0.0222035135160725,0.0122849968650457,-0.0462816649217495,0.00187463788960456,0.0707048780420269,3
domain,count,0.925,40,-0.0199270439337338,0.0123534726849195,-0.0441394054801754,0.0042853176127078,0.106728812708799,3
domain,count,0.95,40,-0.0193673642552839,0.0124825884701556,-0.0438327880906239,0.00509805958005599,0.12076985586858,3
domain,count,0.975,40,-0.0203995908376991,0.0128712401482655,-0.0456267579646656,0.00482757628926729,0.112989721660741,3
domain,count,0.99,40,-0.0166099146051102,0.013676870323033,-0.0434160878594796,0.0101962586492592,0.224574831433916,3
domain,frac,0.9,40,-0.000161999668114601,0.000102657043720647,-0.000363203776566423,3.92044403372209e-05,0.114550274156239,3
domain,frac,0.925,40,-0.000160071799295351,0.000107909118085135,-0.000371569784345696,5.14261857549938e-05,0.137969610559607,3
domain,frac,0.95,40,-0.000151040391191697,0.000115237125863526,-0.000376901007566117,7.48202251827221e-05,0.189961806728709,3
domain,frac,0.975,40,-0.000111886636747223,0.000126489102593993,-0.000359800722268242,0.000136027448773795,0.376396393550455,3
domain,frac,0.99,40,-7.10828265689005e-05,0.000144022000436341,-0.000353360760405542,0.000211195107267741,0.62162025179961,3
domain,sum,0.9,40,-0.0187981546428802,0.00937139322758626,-0.0371657478539118,-0.00043056143184856,0.0448660418304748,3
domain,sum,0.925,40,-0.0195466177480731,0.00958555070683157,-0.0383339519054455,-0.00075928359070079,0.0414325402242175,3
domain,sum,0.95,40,-0.0194765904082099,0.00987718769701769,-0.0388355225629067,-0.00011765825351312,0.0486237516441415,3
domain,sum,0.975,40,-0.0199030654370527,0.01038976210554,-0.0402666249718502,0.000460494097744724,0.0554106701478361,3
domain,sum,0.99,40,-0.0201092159581274,0.0110838874510428,-0.0418332361708668,0.00161480425461206,0.0696354532615548,3
domain,count,0.9,45,-0.0244600345206512,0.012004706552448,-0.0479888270084213,-0.000931242032881068,0.0415962518248247,3
domain,count,0.925,45,-0.022560467458614,0.0121054695536451,-0.0462867517997045,0.00116581688247651,0.062369604473576,3
domain,count,0.95,45,-0.0231015927184295,0.0122416381953779,-0.04709476269314,0.000891577256281022,0.05914251265434,3
domain,count,0.975,45,-0.0233665210302062,0.012642415697557,-0.0481452004750017,0.00141215841458937,0.0645641698077737,3
domain,count,0.99,45,-0.0182051265484521,0.0133688652692617,-0.0444076209903735,0.00799736789346918,0.17327504211027,3
domain,frac,0.9,45,-0.000198038886725699,0.000106754278318888,-0.000407273427426284,1.11956539748865e-05,0.0635832517762062,3
domain,frac,0.925,45,-0.000194117111978429,0.000112690000600625,-0.000414985454573451,2.6751230616594e-05,0.0849651936611199,3
domain,frac,0.95,45,-0.000184620251068553,0.000120032044247615,-0.000419878734784597,5.06382326474908e-05,0.124026276428835,3
domain,frac,0.975,45,-0.000150242887422334,0.000137835041716877,-0.000420394604994989,0.00011990883015032,0.275704541056594,3
domain,frac,0.99,45,-9.33077934242e-05,0.000151352783425717,-0.000389953797898496,0.000203338211050096,0.53756979245402,3
domain,sum,0.9,45,-0.0187576062850346,0.0093679759781396,-0.0371185018102246,-0.000396710759844592,0.0452512370480048,3
domain,sum,0.925,45,-0.0195136930159059,0.00958577758999853,-0.0383014718561142,-0.00072591417569759,0.0417812692108567,3
domain,sum,0.95,45,-0.0192850787710449,0.00990243155234977,-0.0386934879730235,0.000123330430933752,0.0514736910098004,3
domain,sum,0.975,45,-0.0197060633440355,0.0103945904779115,-0.040079086314785,0.000666959626714002,0.0579865122271795,3
domain,sum,0.99,45,-0.0199743349195714,0.0110938228977336,-0.041717828249995,0.00176915841085223,0.0717830490470199,3
domain,count,0.9,50,-0.0262377337893406,0.0116844861763545,-0.0491389058728515,-0.00333656170582963,0.0247348444572838,3
domain,count,0.925,50,-0.0250012809833984,0.0118480604181581,-0.0482230526896429,-0.00177950927715399,0.0348447378835202,3
domain,count,0.95,50,-0.0261832543047851,0.0120386374414245,-0.0497785501129125,-0.00258795849665771,0.0296349852796937,3
domain,count,0.975,50,-0.0251712911698748,0.0124006507359655,-0.0494761199972273,-0.000866462342522384,0.0423731804641587,3
domain,count,0.99,50,-0.0206951061800685,0.0130444580233659,-0.0462617741037102,0.00487156174357318,0.112624654534514,3
domain,frac,0.9,50,-0.000209787116321932,0.000112086471601384,-0.000429472563814815,9.89833117095185e-06,0.0612544585037195,3
domain,frac,0.925,50,-0.000210864641502718,0.000117850127610687,-0.000441846647193113,2.01173641876776e-05,0.0735727858925181,3
domain,frac,0.95,50,-0.000212427033510209,0.000130535036181591,-0.000468271003146761,4.34169361263426e-05,0.103661414502811,3
domain,frac,0.975,50,-0.000189423731516834,0.000144041217171623,-0.000471739329462528,9.28918664288602e-05,0.18848766561388,3
domain,frac,0.99,50,-0.000128184286808983,0.000158065805413034,-0.000437987572605846,0.00018161899898788,0.417391398730509,3
domain,sum,0.9,50,-0.0185074605012614,0.00938433694285307,-0.0369004229280422,-0.000114498074480704,0.0485907781762366,3
domain,sum,0.925,50,-0.0193614715108764,0.00960451146246621,-0.0381859680664123,-0.000536974955340563,0.0438132992538441,3
domain,sum,0.95,50,-0.0190868771204419,0.0099065209246381,-0.038503301344825,0.000329547103941192,0.0540172386517597,3
domain,sum,0.975,50,-0.0193744830046286,0.0104067457962284,-0.0397713299614998,0.00102236395224256,0.0626420771193578,3
domain,sum,0.99,50,-0.0195667240540029,0.0110906807414796,-0.0413040588713348,0.00217061076332913,0.077690041298161,3
domain,count,0.9,55,-0.0218475509264504,0.0111401415216028,-0.0436818270914711,-1.32747614296526e-05,0.0498608745001237,3
domain,count,0.925,55,-0.0219217899025346,0.0113545590673694,-0.0441763167349114,0.0003327369298422,0.0535251464770713,3
domain,count,0.95,55,-0.0221537858301888,0.0115627871225277,-0.0448164321512466,0.000508860490869054,0.0553707574308327,3
domain,count,0.975,55,-0.0218425794369965,0.0119426184049474,-0.0452496813917986,0.00156452251780565,0.0674054993677346,3
domain,count,0.99,55,-0.0179027396994748,0.0125471860102853,-0.0424947723869587,0.0066892929880092,0.153628021959544,3
domain,frac,0.9,55,-0.000180466574885839,0.000130508146303366,-0.00043625784132952,7.53246915578424e-05,0.16672641009385,3
domain,frac,0.925,55,-0.00018018977488577,0.000136761764466773,-0.000448237907702795,8.7858357931255e-05,0.187656017558143,3
domain,frac,0.95,55,-0.000178092711991454,0.000154160378248033,-0.000480241501200671,0.000124056077217763,0.247990892927314,3
domain,frac,0.975,55,-0.000144851570753516,0.00016856678834788,-0.000475236404904947,0.000185533263397915,0.39016805619058,3
domain,frac,0.99,55,-6.24967531100697e-05,0.000191725075246844,-0.000438270995527116,0.000313277489306977,0.744446538714479,3
domain,sum,0.9,55,-0.0184729847092022,0.00937919722909505,-0.0368558734821263,-9.0095936277991e-05,0.0488876822025888,3
domain,sum,0.925,55,-0.0191533908027016,0.00962133209924514,-0.0380108552005213,-0.000295926404882008,0.0465115350138844,3
domain,sum,0.95,55,-0.0187441647461361,0.00992157384471183,-0.0381900921517259,0.000701762659453643,0.0588606143500606,3
domain,sum,0.975,55,-0.0189776369610746,0.0104170047990943,-0.0393945911940803,0.00143931727193109,0.0684862467500051,3
domain,sum,0.99,55,-0.019218949479674,0.0110771944496981,-0.0409298516508292,0.00249195269148121,0.082740531630736,3
domain,count,0.9,60,-0.0233436329157286,0.0107417975162,-0.0443971691767024,-0.00229009665475472,0.0297683596396549,3
domain,count,0.925,60,-0.0228053628886971,0.0109434704843813,-0.0442541709039615,-0.00135655487343271,0.0371670634003999,3
domain,count,0.95,60,-0.0216978210696808,0.0112016136064391,-0.0436525803070352,0.000256938167673693,0.0527421186114015,3
domain,count,0.975,60,-0.0204783120442638,0.0116827993631937,-0.043376178034731,0.00241955394620341,0.0796260358954729,3
domain,count,0.99,60,-0.0193933645754031,0.0123179835875817,-0.0435361687692188,0.00474943961841256,0.115396294000356,3
domain,frac,0.9,60,-0.000166486537859374,0.000148026096413702,-0.000456612355602283,0.000123639279883536,0.260711636475875,3
domain,frac,0.925,60,-0.000169496382872481,0.000155949635852682,-0.000475152052545874,0.000136159286800913,0.277095960725958,3
domain,frac,0.95,60,-0.000156411825049019,0.000171027841692695,-0.000491620235120319,0.000178796585022282,0.360433099905808,3
domain,frac,0.975,60,-0.000140853845991158,0.000187374616110813,-0.000508101345185369,0.000226393653203054,0.452217535681802,3
domain,frac,0.99,60,-8.01564726724855e-05,0.000210207919993057,-0.000492156425123954,0.000331843479778983,0.702965855062408,3
domain,sum,0.9,60,-0.0184151128388877,0.00937099415775712,-0.0367819238874269,-4.83017903484574e-05,0.0494005380064815,3
domain,sum,0.925,60,-0.0189900905611082,0.00961314454250683,-0.0378315076425993,-0.000148673479617036,0.0482194131342535,3
domain,sum,0.95,60,-0.0184413421290063,0.00991323961097737,-0.0378709347366378,0.000988250478625195,0.0628467668943684,3
domain,sum,0.975,60,-0.0185234323084173,0.0104076184726696,-0.0389219896796835,0.00187512506284888,0.0751094377305242,3
domain,sum,0.99,60,-0.0189809326603768,0.0110803057813816,-0.0406979329295758,0.00273606760882213,0.0867064154727677,3
domain,count,0.9,65,-0.0210059486006877,0.0103816995211039,-0.0413537057603681,-0.000658191441007369,0.0430357169760453,3
domain,count,0.925,65,-0.0217617753019978,0.0105386258403643,-0.0424171023956551,-0.00110644820834057,0.0389273734315205,3
domain,count,0.95,65,-0.0217564831425641,0.0107823609037646,-0.0428895221822555,-0.000623444102872777,0.0436136862983768,3
domain,count,0.975,65,-0.0216768767504703,0.0112066128867192,-0.0436414343971222,0.000287680896181721,0.0530770707561513,3
domain,count,0.99,65,-0.0204630350254965,0.0118407018616433,-0.0436703842259937,0.00274431417500068,0.0839533717008869,3
domain,frac,0.9,65,-8.38744321179988e-05,0.000172886527979814,-0.00042272580037061,0.000254976936134613,0.62757596501174,3
domain,frac,0.925,65,-0.000104066034084333,0.000181436891283183,-0.000459675806466281,0.000251543738297616,0.566261517197993,3
domain,frac,0.95,65,-0.000113123039845269,0.000193120700767775,-0.000491632658019245,0.000265386578328707,0.558034516864459,3
domain,frac,0.975,65,-6.46915220461511e-05,0.000216217950688665,-0.000488470918206991,0.000359087874114689,0.764790585563859,3
domain,frac,0.99,65,-2.90326989896365e-05,0.00023376836888074,-0.000487210282720561,0.000429144884741288,0.901161435056374,3
domain,sum,0.9,65,-0.0183800184671011,0.00939213264965436,-0.0367882601984464,2.82232642442176e-05,0.050352289582356,3
domain,sum,0.925,65,-0.0189255846736863,0.00960808098387172,-0.037757077362619,-9.40919847535783e-05,0.0488662280722821,3
domain,sum,0.95,65,-0.0183055853283653,0.00991149959535892,-0.0377317675680521,0.00112059691132147,0.0647610976314099,3
domain,sum,0.975,65,-0.0181725334880295,0.0104065227811456,-0.0385689433433705,0.00222387636731149,0.0807651319129137,3
domain,sum,0.99,65,-0.0187096884867406,0.0110833986733403,-0.0404327507127866,0.00301337373930532,0.0913954426938612,3
domain,count,0.9,70,-0.0233908878845091,0.0101484774540426,-0.0432815381923494,-0.00350023757666886,0.0211740393061112,3
domain,count,0.925,70,-0.0241751625312617,0.0103243786887534,-0.0444105729239712,-0.00393975213855222,0.0192032873784348,3
domain,count,0.95,70,-0.0240823785453667,0.0105841081019838,-0.0448268492337335,-0.00333790785699984,0.022885915351331,3
domain,count,0.975,70,-0.0243629234742597,0.0110318490892668,-0.0459849503721036,-0.00274089657641587,0.0272152152671267,3
domain,count,0.99,70,-0.0229983731054404,0.0116939918796734,-0.045918176025104,-7.85701857767378e-05,0.0492197869634739,3
domain,frac,0.9,70,-0.00015764916023971,0.000197119800085218,-0.000543996869046472,0.000228698548567052,0.42384801354856,3
domain,frac,0.925,70,-0.000192188581875802,0.000206051797916953,-0.000596042684742756,0.000211665520991151,0.350964683800139,3
domain,frac,0.95,70,-0.000182288796374878,0.00022442984455393,-0.000622163208756503,0.000257585616006747,0.416659300945588,3
domain,frac,0.975,70,-0.000175979297512854,0.000241709433583543,-0.000649721082060175,0.000297762487034466,0.466576029424552,3
domain,frac,0.99,70,-9.47803466197277e-05,0.000264294118876344,-0.000612787300943109,0.000423226607703654,0.719881676758595,3
domain,sum,0.9,70,-0.0178627518068163,0.00937581594401617,-0.0362390133827644,0.000513509769131761,0.056754809000974,3
domain,sum,0.925,70,-0.0184645516515047,0.00959328437398405,-0.0372670435179643,0.000337940214954917,0.054262239566341,3
domain,sum,0.95,70,-0.0177924600515512,0.00990055055791454,-0.0371971825721816,0.00161226246907922,0.0723168496859043,3
domain,sum,0.975,70,-0.017431233843485,0.0104097270811644,-0.0378339240114583,0.00297145632448843,0.0940296232165439,3
domain,sum,0.99,70,-0.0180333070845163,0.0110691070669946,-0.0397283582768435,0.00366174410781084,0.10327990530106,3
domain,count,0.9,75,-0.0214777726494207,0.0100284953161641,-0.041133262288231,-0.00182228301061049,0.0322196844254911,3
domain,count,0.925,75,-0.0225790695478958,0.0102272426197591,-0.0426240967437766,-0.00253404235201496,0.0272625601129395,3
domain,count,0.95,75,-0.0228480428466794,0.010505685261535,-0.0434388075922013,-0.00225727810115748,0.029643119462255,3
domain,count,0.975,75,-0.0229029305234307,0.0109714938263979,-0.044406663279774,-0.00139919776708728,0.0368434782475294,3
domain,count,0.99,75,-0.0212421898025228,0.0115934119187586,-0.0439648596212271,0.00148048001618147,0.0669121170153497,3
domain,frac,0.9,75,-0.000149945470500959,0.000206559009475412,-0.000554793689755035,0.000254902748753117,0.467887356875183,3
domain,frac,0.925,75,-0.00016936440520964,0.000215725301778116,-0.000592178227248781,0.000253449416829502,0.432399095618747,3
domain,frac,0.95,75,-0.000155117012052799,0.000235518001593544,-0.000616723812886991,0.000306489788781393,0.510139418829248,3
domain,frac,0.975,75,-0.000148149282320577,0.00025170723405796,-0.000641486395722371,0.000345187831081217,0.556144550400737,3
domain,frac,0.99,75,-6.71231658311581e-05,0.000275505461649318,-0.000607103948207902,0.000472857616545586,0.807512414875513,3
domain,sum,0.9,75,-0.0173128581712015,0.00935758723960432,-0.0356533921430176,0.00102767580061453,0.0642931936355023,3
domain,sum,0.925,75,-0.0178006955461127,0.00957442279302602,-0.0365662193932031,0.000964828300977657,0.0629998501607412,3
domain,sum,0.95,75,-0.0171039103793939,0.009893277745629,-0.0364943784498783,0.00228655769109057,0.0838374439573684,3
domain,sum,0.975,75,-0.0165130511195258,0.0104002324662374,-0.0368971321841952,0.00387102994514358,0.112341097785691,3
domain,sum,0.99,75,-0.0170594903420928,0.0110675219732217,-0.038751434807713,0.00463245412352745,0.123219200922377,3
domain,count,0.9,80,-0.0185046842006414,0.00975099265612918,-0.0376162786201692,0.000606910218886311,0.0577325653699805,3
domain,count,0.925,80,-0.0199636460330451,0.00993569567499427,-0.0394372517173842,-0.000490040348705926,0.0445068990972176,3
domain,count,0.95,80,-0.0207959992919324,0.0102330583363949,-0.0408524250829637,-0.000739573500901133,0.0421296736217237,3
domain,count,0.975,80,-0.021435877011519,0.0107450511414096,-0.0424957902607227,-0.000375963762315208,0.0460479554227559,3
domain,count,0.99,80,-0.0205775658809069,0.0113558990026597,-0.0428347189381942,0.00167958717638034,0.0699769868593697,3
domain,frac,0.9,80,-0.00018218814304525,0.000219681036718646,-0.000612755063100218,0.000248378777009718,0.406917522250652,3
domain,frac,0.925,80,-0.000157732606545256,0.000236306423681571,-0.000620884686276597,0.000305419473186086,0.504458028297786,3
domain,frac,0.95,80,-0.000187076916609797,0.000249125531478787,-0.00067535398593762,0.000301200152718025,0.452692172335839,3
domain,frac,0.975,80,-0.000161358433878864,0.000265759903961834,-0.000682238274178882,0.000359521406421153,0.543745607383057,3
domain,frac,0.99,80,-9.28764182669081e-05,0.000290981955518554,-0.00066319057123431,0.000477437734700494,0.749587943399508,3
domain,sum,0.9,80,-0.0172178781654551,0.00932303793612077,-0.0354906967467524,0.00105494041584227,0.0647747057775138,3
domain,sum,0.925,80,-0.0175631769514628,0.00956320100026912,-0.0363067064889077,0.00118035258598209,0.0662782059642694,3
domain,sum,0.95,80,-0.0164646165733652,0.00988893074131382,-0.0358465646719512,0.0029173315252209,0.0959218976044778,3
domain,sum,0.975,80,-0.015445542366359,0.0104078567196121,-0.0358445666930518,0.00495348196033386,0.137801707289194,3
domain,sum,0.99,80,-0.0163691471428601,0.0110795282418293,-0.03808462346254,0.00534632917681967,0.13956235015072,3
hashtag,count,0.9,40,-0.0324891896518389,0.0136658682790334,-0.0592737992962127,-0.00570458000746508,0.0174353274826555,3
hashtag,count,0.925,40,-0.0281862197018766,0.0139051739369064,-0.0554398598169781,-0.000932579586775024,0.0426592345795118,3
hashtag,count,0.95,40,-0.0252857447196341,0.0143147559213869,-0.053342150773034,0.00277066133376573,0.077326892892146,3
hashtag,count,0.975,40,-0.0222668954537438,0.0151859251160771,-0.0520307617531771,0.00749697084568953,0.142570637875486,3
hashtag,count,0.99,40,-0.0161664107954091,0.0166363169641764,-0.0487729928805875,0.0164401712897693,0.331172848381154,3
hashtag,frac,0.9,40,-0.000165445451690362,0.000117281181811898,-0.000395312344105976,6.44214407252509e-05,0.158340917158522,3
hashtag,frac,0.925,40,-0.000167030551756096,0.000123853014203347,-0.000409777998971384,7.5716895459192e-05,0.177459313453862,3
hashtag,frac,0.95,40,-0.000159139297269399,0.000133179250122535,-0.000420165830997618,0.00010188723645882,0.232116094218903,3
hashtag,frac,0.975,40,-0.000111617133587375,0.000144109207647055,-0.000394065990416208,0.000170831723241457,0.438616495166892,3
hashtag,frac,0.99,40,-9.22837228386317e-05,0.000163234429758514,-0.000412217326202252,0.000227649880524989,0.571839317398583,3
hashtag,sum,0.9,40,-0.0303326106263546,0.0107538469992775,-0.0514097634401926,-0.00925545781251646,0.00479296273056091,3
hashtag,sum,0.925,40,-0.0305025832544492,0.0110707671180947,-0.0522008880871451,-0.00880427842175321,0.00586496986095147,3
hashtag,sum,0.95,40,-0.0303380674789099,0.011532682417007,-0.052941709661382,-0.00773442529643778,0.00852300907549131,3
hashtag,sum,0.975,40,-0.0305853401295219,0.0124888135193196,-0.0550629648370252,-0.0061077154220185,0.0143245938341127,3
hashtag,sum,0.99,40,-0.0304012356390073,0.0137761383292502,-0.0574019706103796,-0.00340050066763508,0.0273277632618652,3
hashtag,count,0.9,45,-0.0350928465037627,0.013321769182217,-0.0612030343112637,-0.00898265869626176,0.00843238222166861,3
hashtag,count,0.925,45,-0.0316062773941633,0.0136155529584074,-0.0582922708222395,-0.00492028396608705,0.0202687002813921,3
hashtag,count,0.95,45,-0.0295368521510703,0.0140006203382364,-0.0569775637752327,-0.0020961405269079,0.034885784049874,3
hashtag,count,0.975,45,-0.0273324324008793,0.0149027966383038,-0.0565413770808793,0.00187651227912069,0.0666469885061841,3
hashtag,count,0.99,45,-0.0213604626787613,0.016255402944055,-0.0532204670032954,0.0104995416457728,0.188828334490162,3
hashtag,frac,0.9,45,-0.000196400716500226,0.000121151410467167,-0.000433853117692102,4.10516846916507e-05,0.104992362173719,3
hashtag,frac,0.925,45,-0.000195413388520126,0.000128395007574864,-0.000447062979161607,5.62362021213561e-05,0.1280165220374,3
hashtag,frac,0.95,45,-0.000188132909286442,0.000137360157716039,-0.000457353871320621,8.10880527477361e-05,0.170801710324508,3
hashtag,frac,0.975,45,-0.000144935698401838,0.000157037839859229,-0.000452724208735895,0.000162852811932218,0.35604114715673,3
hashtag,frac,0.99,45,-0.000117195394661271,0.0001688580403543,-0.00044815107225571,0.000213760282933168,0.487652815012209,3
hashtag,sum,0.9,45,-0.0302806583945518,0.0107492454616213,-0.0513487923603101,-0.00921252442879346,0.00484740492863418,3
hashtag,sum,0.925,45,-0.030500400730327,0.0110627365541552,-0.052182965946926,-0.00881783551372798,0.00583273200904326,3
hashtag,sum,0.95,45,-0.03018627539036,0.0115550719359083,-0.0528338002235099,-0.00753875055721019,0.00899134191024824,3
hashtag,sum,0.975,45,-0.0302898063859989,0.0124793228394345,-0.0547488297027386,-0.00583078306925924,0.0152158853969062,3
hashtag,sum,0.99,45,-0.030462384426646,0.0137806345241773,-0.0574719317781427,-0.00345283707514931,0.0270690125630446,3
hashtag,count,0.9,50,-0.036096933196661,0.0129824838254397,-0.0615421339243966,-0.0106517324689253,0.00542863736724766,3
hashtag,count,0.925,50,-0.0335842165478888,0.0133054601735776,-0.0596624392858329,-0.0075059938099446,0.0115997295044857,3
hashtag,count,0.95,50,-0.0327251452054797,0.0138081107050797,-0.059788544881978,-0.00566174552898152,0.0177883541278877,3
hashtag,count,0.975,50,-0.0302107401600304,0.0146407021325791,-0.0589059890482642,-0.00151549127179658,0.0390674083261724,3
hashtag,count,0.99,50,-0.0240699041247713,0.0159537406458954,-0.0553386612094189,0.00719885295987641,0.131367523286557,3
hashtag,frac,0.9,50,-0.000191904005569096,0.00012558219945538,-0.000438040593600966,5.4232582462774e-05,0.126484061281311,3
hashtag,frac,0.925,50,-0.000193132766679266,0.000132772066703837,-0.000453361235571736,6.7095702213204e-05,0.145774776810275,3
hashtag,frac,0.95,50,-0.000194417439430602,0.000149584769183043,-0.000487598199665102,9.87633208038991e-05,0.193698962698618,3
hashtag,frac,0.975,50,-0.000165211867452143,0.000162477419906925,-0.000483661758770708,0.000153238023866421,0.309234446891525,3
hashtag,frac,0.99,50,-0.000132672540370169,0.000174688388307936,-0.000475055489971071,0.000209710409230732,0.447564777949302,3
hashtag,sum,0.9,50,-0.0300678088323644,0.0107717956349602,-0.0511801403257122,-0.00895547733901665,0.00524893262681726,3
hashtag,sum,0.925,50,-0.0304545348914677,0.0110852528084233,-0.0521812311554989,-0.00872783862743646,0.00600878159178945,3
hashtag,sum,0.95,50,-0.0300324737922207,0.0115463746475564,-0.0526629522534376,-0.00740199533100394,0.00929441627795409,3
hashtag,sum,0.975,50,-0.0299061021595158,0.0124914963495918,-0.0543889851177293,-0.00542321920130224,0.0166604391467053,3
hashtag,sum,0.99,50,-0.0301800654849477,0.0137712514094861,-0.0571712222695869,-0.00318890870030858,0.0284136980406271,3
hashtag,count,0.9,55,-0.0356006520877807,0.0126710956701716,-0.0604355432459785,-0.010765760929583,0.00496038157801408,3
hashtag,count,0.925,55,-0.0347104333327875,0.0130228876917011,-0.0602348241832316,-0.00918604248234334,0.00769103472095025,3
hashtag,count,0.95,55,-0.0336180296577964,0.0135041240724732,-0.0600856264826043,-0.0071504328329885,0.0127935903026122,3
hashtag,count,0.975,55,-0.0303435768962119,0.0144003247996986,-0.0585676948693001,-0.00211945892312369,0.0351049856315691,3
hashtag,count,0.99,55,-0.025490194822713,0.0157121204901247,-0.0562853851041112,0.00530499545868521,0.104733384207208,3
hashtag,frac,0.9,55,-0.000170214809859351,0.000137914107563364,-0.000440521493643527,0.000100091873924825,0.217125096536815,3
hashtag,frac,0.925,55,-0.000169539486599848,0.000145692284586237,-0.000455091117214233,0.000116012144014537,0.244552913630077,3
hashtag,frac,0.95,55,-0.000162077016322118,0.000167405293020826,-0.000490185361464311,0.000166031328820075,0.332958777585979,3
hashtag,frac,0.975,55,-0.000123315967604044,0.000180715490909171,-0.000477511821234494,0.000230879886026407,0.495001039397703,3
hashtag,frac,0.99,55,-6.83882561468102e-05,0.000202364557534172,-0.000465015500661172,0.000328238988367551,0.735404018090984,3
hashtag,sum,0.9,55,-0.0299809629618074,0.0107574748260883,-0.0510652261855368,-0.00889669973807798,0.00532003007925915,3
hashtag,sum,0.925,55,-0.0304069093106799,0.0111076039148368,-0.0521774129382962,-0.00863640568306362,0.00619107704107179,3
hashtag,sum,0.95,55,-0.0297509650218022,0.0115584757473412,-0.0524051612027707,-0.00709676884083378,0.010054413914468,3
hashtag,sum,0.975,55,-0.0294661359756183,0.0124970386625112,-0.0539598816675448,-0.00497239028369187,0.0183811448841767,3
hashtag,sum,0.99,55,-0.029918749180113,0.013737311167165,-0.0568433843121763,-0.00299411404804981,0.0294120775633896,3
hashtag,count,0.9,60,-0.0393748921225967,0.012228778247873,-0.0633428570633547,-0.0154069271818388,0.00128255475459115,3
hashtag,count,0.925,60,-0.0388609834516653,0.0126091871668703,-0.0635745361730558,-0.0141474307302748,0.002056439498666,3
hashtag,count,0.95,60,-0.0373830080436679,0.0131658460537626,-0.0631875921350414,-0.0115784239522944,0.00451994842192837,3
hashtag,count,0.975,60,-0.0347721123601675,0.0141732473633896,-0.0625511667363883,-0.00699305798394665,0.0141527669140139,3
hashtag,count,0.99,60,-0.0342500668763036,0.015571993753505,-0.064770613800656,-0.00372951995195111,0.0278448221115094,3
hashtag,frac,0.9,60,-0.000162060381841288,0.000153371398604645,-0.000462662799364929,0.000138542035682353,0.290669883095199,3
hashtag,frac,0.925,60,-0.000163066792294257,0.000163178407347907,-0.000482890593750761,0.000156757009162246,0.31764164005758,3
hashtag,frac,0.95,60,-0.000141080951754829,0.000182857825369338,-0.000499475703770046,0.000217313800260388,0.440390729238546,3
hashtag,frac,0.975,60,-0.000121142654195436,0.000198047519123728,-0.000509308658905451,0.000267023350514579,0.540746330205421,3
hashtag,frac,0.99,60,-9.0920904183869e-05,0.000217723113263735,-0.000517650364782725,0.000335808556414987,0.676240496619515,3
hashtag,sum,0.9,60,-0.0297436412305608,0.0107406390781242,-0.0507949069946278,-0.00869237546649383,0.00561834742412569,3
hashtag,sum,0.925,60,-0.0301744035392008,0.0110888481397942,-0.0519081465232313,-0.00844066055517027,0.00650555109982469,3
hashtag,sum,0.95,60,-0.0292969016925843,0.011537978930831,-0.0519109248513951,-0.0066828785337735,0.0111115493212482,3
hashtag,sum,0.975,60,-0.028811329679933,0.0124711569270612,-0.0532543481025201,-0.00436831125734584,0.0208750299338036,3
hashtag,sum,0.99,60,-0.0296659403967104,0.0137357953597689,-0.0565876046008698,-0.00274427619255098,0.0307917103643777,3
hashtag,count,0.9,65,-0.0360259541408079,0.0118730881302861,-0.0592967792614386,-0.0127551290201772,0.00241132060855562,3
hashtag,count,0.925,65,-0.0369072817872914,0.0122090560976836,-0.0608365920239803,-0.0129779715506025,0.0025032931352923,3
hashtag,count,0.95,65,-0.036531241775302,0.0126661636047231,-0.0613564662628512,-0.0117060172877528,0.00392459360918877,3
hashtag,count,0.975,65,-0.0350026430420623,0.013581285496375,-0.0616214734787134,-0.00838381260541109,0.00995840587448244,3
hashtag,count,0.99,65,-0.0326809748190848,0.0149193638611338,-0.0619223906591555,-0.00343955897901416,0.0284874690199525,3
hashtag,frac,0.9,65,-6.69787568048535e-05,0.000169094929899922,-0.000398398729377025,0.000264441215767318,0.692030145543444,3
hashtag,frac,0.925,65,-7.96247419482685e-05,0.000179917613552781,-0.000432256784696115,0.000273007300799578,0.658082402556314,3
hashtag,frac,0.95,65,-6.79378523870028e-05,0.000195911596506484,-0.000451917525693454,0.000316041820919448,0.728758026519157,3
hashtag,frac,0.975,65,7.57785285133993e-07,0.000216447612857893,-0.000423471740456004,0.000424987311026272,0.997206603776889,3
hashtag,frac,0.99,65,2.32897878161921e-05,0.000227942275804314,-0.000423468863314358,0.000470048438946742,0.91861851692237,3
hashtag,sum,0.9,65,-0.0296371365532955,0.0107628140189368,-0.0507318644027145,-0.0085424087038765,0.00589328539903743,3
hashtag,sum,0.925,65,-0.0300917722507757,0.0110720814880673,-0.0517926532012802,-0.00839089130027122,0.00657163078829871,3
hashtag,sum,0.95,65,-0.0289911080980059,0.0115247483256686,-0.0515791997472047,-0.00640301644880711,0.0118846015314718,3
hashtag,sum,0.975,65,-0.0282197836031428,0.0124506512886404,-0.0526226117129452,-0.00381695549334045,0.023418908592763,3
hashtag,sum,0.99,65,-0.0293750708036653,0.0137336912576967,-0.0562926110435434,-0.00245753056378719,0.0324433046161542,3
hashtag,count,0.9,70,-0.0369422268039257,0.0116083613866761,-0.0596941970413362,-0.0141902565665152,0.00146069610604074,3
hashtag,count,0.925,70,-0.0378094816654565,0.0119080927859941,-0.0611489146505663,-0.0144700486803468,0.00149780699804148,3
hashtag,count,0.95,70,-0.0376002008572293,0.012369013345585,-0.0618430215388711,-0.0133573801755876,0.00236679760529191,3
hashtag,count,0.975,70,-0.0363417527220866,0.01331122158535,-0.0624312676196048,-0.0102522378245684,0.00633037668459035,3
hashtag,count,0.99,70,-0.036177077856117,0.0146719237650882,-0.0649335200196072,-0.00742063569262678,0.0136732400916542,3
hashtag,frac,0.9,70,-0.000142663999170615,0.00018208178002907,-0.000499537730268537,0.000214209731927307,0.433324125581946,3
hashtag,frac,0.925,70,-0.00017172753691822,0.000194114965154667,-0.000552185877481616,0.000208730803645175,0.376335055447555,3
hashtag,frac,0.95,70,-0.000149972354735452,0.000216985074255145,-0.000575255285458285,0.000275310575987381,0.48946224450455,3
hashtag,frac,0.975,70,-0.000136174850515089,0.000230512368355383,-0.00058797079048267,0.000315621089452493,0.554688903512133,3
hashtag,frac,0.99,70,-9.09072414009665e-05,0.000244781454448676,-0.000570670076203702,0.000388855593401769,0.710353592367623,3
hashtag,sum,0.9,70,-0.0289719707811293,0.0107373539942528,-0.0500167978991222,-0.00792714366313648,0.00697069172532541,3
hashtag,sum,0.925,70,-0.0296210439666141,0.0110514807399909,-0.0512815481928343,-0.00796053974039398,0.00735609749235697,3
hashtag,sum,0.95,70,-0.0283046940514722,0.0115059062120676,-0.0508558558366203,-0.00575353226632411,0.0138931472057217,3
hashtag,sum,0.975,70,-0.027147072192749,0.0124473092824271,-0.0515433500907373,-0.0027507942947607,0.0291864432886626,3
hashtag,sum,0.99,70,-0.0283959675643217,0.0137028627073109,-0.0552530849557481,-0.00153885017289533,0.0382407020703616,3
hashtag,count,0.9,75,-0.0343567450870983,0.0114978828044499,-0.0568921812822824,-0.0118213088919141,0.00280723961493106,3
hashtag,count,0.925,75,-0.0354672578927682,0.0118245650628051,-0.0586429795487168,-0.0122915362368196,0.00270462540395952,3
hashtag,count,0.95,75,-0.0364195027720937,0.0123008246571016,-0.060528676080155,-0.0123103294640324,0.00306904208823584,3
hashtag,count,0.975,75,-0.0358643243969218,0.0132511474375738,-0.0618360961283967,-0.00989255266544686,0.00679951319005042,3
hashtag,count,0.99,75,-0.0350842298435507,0.0145529110970169,-0.0636074114639171,-0.00656104822318426,0.0159173592158509,3
hashtag,frac,0.9,75,-0.000153897302527291,0.000186659914684708,-0.000519744012666638,0.000211949407612056,0.409667069765745,3
hashtag,frac,0.925,75,-0.000171874889249081,0.000199135568216885,-0.000562173430995094,0.000218423652496933,0.388079781525466,3
hashtag,frac,0.95,75,-0.000154849488133069,0.000223184726672104,-0.00059228351430981,0.000282584538043672,0.487796612991707,3
hashtag,frac,0.975,75,-0.000140867289656236,0.000235326953745093,-0.000602099643588141,0.000320365064275669,0.549438025882145,3
hashtag,frac,0.99,75,-0.0001117815096943,0.000249569599144048,-0.000600928935652731,0.000377365916264132,0.65422743253686,3
hashtag,sum,0.9,75,-0.0282028621558793,0.01070684056964,-0.049187884060586,-0.00721784025117256,0.0084361255050046,3
hashtag,sum,0.925,75,-0.0288532782425562,0.0110192898063799,-0.0504506893982702,-0.00725586708684217,0.00883344914342074,3
hashtag,sum,0.95,75,-0.0273761176689544,0.0114819001043449,-0.0498802283475571,-0.00487200699035174,0.0171123622991106,3
hashtag,sum,0.975,75,-0.0256945132438809,0.0124167939788179,-0.0500309822458178,-0.00135804424194401,0.0385146095098571,3
hashtag,sum,0.99,75,-0.0270947959889202,0.0136801315291074,-0.0539073610897415,-0.00028223088809879,0.047636743891603,3
hashtag,count,0.9,80,-0.0308387925736983,0.0111853035717372,-0.0527615847304505,-0.00891600041694615,0.00583198291716246,3
hashtag,count,0.925,80,-0.0318668206524133,0.0114737347216603,-0.0543549274750342,-0.00937871382979234,0.00548005504677896,3
hashtag,count,0.95,80,-0.033030152618565,0.0119564449050175,-0.0564643540155366,-0.00959595122159338,0.00573536025906817,3
hashtag,count,0.975,80,-0.0325472944754805,0.0129365076092787,-0.057902383475395,-0.00719220547556596,0.0118720142252054,3
hashtag,count,0.99,80,-0.0311478129184821,0.0142144953633133,-0.0590077118889877,-0.00328791394797651,0.0284321799707153,3
hashtag,frac,0.9,80,-0.000172747169109904,0.000192413476310377,-0.000549870652818395,0.000204376314598586,0.369296757026407,3
hashtag,frac,0.925,80,-0.000159759415984593,0.000210562862438578,-0.000572455042845867,0.000252936210876681,0.448016771271198,3
hashtag,frac,0.95,80,-0.000187908425813126,0.000229766367677192,-0.000638242231319011,0.000262425379692758,0.413457751603961,3
hashtag,frac,0.975,80,-0.000158566341061298,0.000241621601814154,-0.000632135978503917,0.00031500329638132,0.511657518781935,3
hashtag,frac,0.99,80,-0.000145188733865342,0.000255641141367356,-0.000646236163912073,0.000355858696181388,0.570075964786952,3
hashtag,sum,0.9,80,-0.0279950052164173,0.0106569534166259,-0.0488822500979253,-0.00710776033490939,0.00861606105817052,3
hashtag,sum,0.925,80,-0.0286084273110732,0.0109941024462264,-0.0501564721480206,-0.00706038247412589,0.00926382848996705,3
hashtag,sum,0.95,80,-0.0265616194235298,0.0114627348931094,-0.0490281669783548,-0.00409507186870487,0.020492031427493,3
hashtag,sum,0.975,80,-0.0243591162248196,0.012402712121913,-0.0486679852943875,-5.02471552516898e-05,0.0495283189699188,3
hashtag,sum,0.99,80,-0.0262530049395113,0.0136841191656295,-0.0530733856642994,0.000567375785276835,0.0550474354954523,3
