trucker,outcome,winsorize,threshold,estimate,se,low,high,pval,n_exps,Qm,Qm_pval,I2,I_resid
domain,count,0.9,40,0.000586307608615284,0.00939482562834896,-0.0178272122639826,0.0189998274812131,0.950238320076305,4,8.28900757082204,0.00398857809975875,0.68770503132474,0
domain,count,0.925,40,0.00258486759210061,0.0095075047003097,-0.0160494992033517,0.0212192343875529,0.78571694146902,4,8.14563904328393,0.00431648410008264,0.649996916378606,0
domain,count,0.95,40,0.00242164448448341,0.00974030386045318,-0.0166690002804813,0.0215122892494481,0.803653931167786,4,7.79043732060458,0.00525234807434076,0.623495669196053,0
domain,count,0.975,40,-0.00055326529840998,0.0102508233178225,-0.0206445098132255,0.0195379792164055,0.956956861398221,4,6.50074682504166,0.010782919010223,0.554818092280162,0
domain,count,0.99,40,-0.000346017707748295,0.0112431652258796,-0.0223822166227054,0.0216901812072088,0.975448318558161,4,4.36146725040506,0.0367606305162096,0.347205470414408,0
domain,frac,0.9,40,-9.64188125031032e-05,7.71316199331904e-05,-0.000247594009641388,5.47563846351817e-05,0.211279241872291,4,0.937171108104382,0.333006423690484,0,0
domain,frac,0.925,40,-0.000106505486233208,8.30460798812978e-05,-0.000269272811857788,5.62618393913715e-05,0.199671995864746,4,0.604362944291065,0.436918190468697,0,0
domain,frac,0.95,40,-0.000107928570150118,8.86265502781023e-05,-0.000281633416769226,6.57762764689913e-05,0.223303598888701,4,0.342608880610255,0.558327183680893,0,0
domain,frac,0.975,40,-9.69107165753652e-05,9.7006914332733e-05,-0.000287040774918884,9.32193417681539e-05,0.317790650595969,4,0.0340374902597702,0.853627093929616,0,0
domain,frac,0.99,40,-7.34327798979849e-05,0.000112830629812972,-0.000294576750684382,0.000147711190888412,0.51516068890315,4,0.000689286857115527,0.979054527089103,0,0
domain,sum,0.9,40,-0.00444618284206836,0.00685668084177704,-0.0178850303454371,0.0089926646613004,0.516696943542305,4,5.04740138619248,0.0246628999184047,0.544266982921813,0
domain,sum,0.925,40,-0.00430634827788797,0.00702744225439748,-0.018079881999942,0.00946718544416606,0.540015021412875,4,5.46535602787717,0.0193971018396556,0.556641966713464,0
domain,sum,0.95,40,-0.00401624853294647,0.00724551916401539,-0.0182172051437114,0.0101847080778185,0.5793681427067,4,5.30437936910506,0.0212718769726281,0.541776487691494,0
domain,sum,0.975,40,-0.00428793998360448,0.00769614558826039,-0.0193721081563717,0.0107962281891627,0.577422065921952,4,5.00512443337306,0.025272386687747,0.513837512317923,0
domain,sum,0.99,40,-0.00461160443320999,0.00836854968434264,-0.0210136604173556,0.0117904515509356,0.581589968969357,4,4.54707021008234,0.0329751243207477,0.47857674187179,0
domain,count,0.9,45,-0.000793057890783799,0.00918342749051043,-0.0187922450268193,0.0172061292452517,0.931182226316755,4,9.29497209167628,0.00229783641643451,0.730408130564337,0.485818051203858
domain,count,0.925,45,0.000833423410588096,0.00932586547420212,-0.0174449370435136,0.0191117838646898,0.928790351737581,4,9.18697962830861,0.0024374276720783,0.700094743729593,0
domain,count,0.95,45,0.00040813064979107,0.00948389620668799,-0.0181799643484334,0.0189962256480156,0.965674375357028,4,9.22509693444357,0.00238720054956776,0.692408747807084,0
domain,count,0.975,45,-0.00179593339231466,0.00997983386216722,-0.0213560483338557,0.0177641815492264,0.857186921536098,4,7.72476362814015,0.00544684904421868,0.63416793354166,0
domain,count,0.99,45,-0.00163255547147233,0.0109435174611592,-0.0230814555595295,0.0198163446165849,0.881411490284548,4,4.65777203570668,0.030913279361166,0.366857670736255,0
domain,frac,0.9,45,-0.0001176391530197,8.00910010957656e-05,-0.000274614630653159,3.93363246137585e-05,0.141881994592799,4,1.29751851117849,0.254666994034853,0,0
domain,frac,0.925,45,-0.000127484559626939,8.6556632130717e-05,-0.000297132441226227,4.21633219723485e-05,0.140792658327535,4,0.852680862717259,0.355795039385214,0,0
domain,frac,0.95,45,-0.000128335924794281,9.2274011087038e-05,-0.000309189663233925,5.25178136453634e-05,0.164282039315403,4,0.537556196546864,0.463447286138861,0,0
domain,frac,0.975,45,-0.000116580674192738,0.000103567146984221,-0.000319568552263377,8.64072038779006e-05,0.260312406656773,4,0.136979856158395,0.71130209757029,0,0
domain,frac,0.99,45,-8.02592184421211e-05,0.00011793584221853,-0.000311409221676838,0.000150890784792596,0.49616710955079,4,0.01892088589448,0.890593536007088,0,0
domain,sum,0.9,45,-0.00456589331518227,0.00686150361108812,-0.0180141932727065,0.00888240664234196,0.505771497975864,4,4.95110484032457,0.0260740004631536,0.53842208028222,0
domain,sum,0.925,45,-0.00448705087666223,0.00703342759226908,-0.0182723156453799,0.00929821389205544,0.523499217949825,4,5.32320767799055,0.0210432403386068,0.549293730184675,0
domain,sum,0.95,45,-0.00407614302553579,0.00726412525931034,-0.0183135669129717,0.0101612808619002,0.574706626761489,4,5.10727498511088,0.0238257140318006,0.529167560657963,0
domain,sum,0.975,45,-0.00443922000243004,0.00770933200569343,-0.0195492330784511,0.010670793073591,0.564734008549832,4,4.79446024017575,0.0285514013070723,0.497985195201424,0
domain,sum,0.99,45,-0.00469533513005185,0.00837528777212078,-0.0211105975235673,0.0117199272634636,0.575058136833212,4,4.41071287352761,0.0357139135603087,0.471546320521574,0
domain,count,0.9,50,-0.00280602489012461,0.00886397685006506,-0.0201791002760489,0.0145670504957997,0.75157369177719,4,9.47329460093474,0.00208484608713519,0.711329713601377,0
domain,count,0.925,50,-0.00154605187413191,0.00899794439566619,-0.0191816988245317,0.0160895950762678,0.863576851312075,4,9.25963751086925,0.00234259383377098,0.689282380782282,0
domain,count,0.95,50,-0.00232256925440894,0.00924360338394725,-0.0204396989743181,0.0157945604655002,0.801611303193501,4,9.57108909921659,0.00197665484167254,0.692986340495985,0
domain,count,0.975,50,-0.00308602156084228,0.00967839410797582,-0.0220553254406595,0.015883282318975,0.749835121026891,4,8.1151409099118,0.00438970605490716,0.633161964854188,0
domain,count,0.99,50,-0.00226420555635575,0.0104950862094773,-0.0228341965415742,0.0183057854288627,0.82919074239729,4,5.66059241629201,0.0173502616407659,0.479995751964294,0
domain,frac,0.9,50,-0.000129024771339064,8.43594872876962e-05,-0.000294366328177213,3.63167854990852e-05,0.126149537880548,4,1.19749057758069,0.27382380842754,0,0
domain,frac,0.925,50,-0.000144700835826096,9.08620832592549e-05,-0.000322787246574516,3.33855749223229e-05,0.111265069006521,4,0.777180116779897,0.378004950101348,0,0
domain,frac,0.95,50,-0.000149933765597288,9.85699132476977e-05,-0.000343127245522012,4.32597143274374e-05,0.12823711039801,4,0.533280398037957,0.465230967787816,0,0
domain,frac,0.975,50,-0.000152740211592615,0.000108498766208746,-0.000365393885728788,5.99134625435585e-05,0.159202179931629,4,0.149921694417962,0.698610201144383,0,0
domain,frac,0.99,50,-0.000126255622919977,0.000123553909343219,-0.000368416835381814,0.00011590558954186,0.306844005439438,4,0.000382720058240425,0.984391794585909,0,0
domain,sum,0.9,50,-0.00460503835854791,0.00687507324700654,-0.0180799343137556,0.00886985759665975,0.502974694252989,4,4.7372887009878,0.029515552412993,0.523099712230728,0
domain,sum,0.925,50,-0.00462845789647293,0.00704716786272839,-0.0184406531004287,0.00918373730748281,0.51132065322434,4,5.09725145716176,0.0239637866453585,0.536117287650301,0
domain,sum,0.95,50,-0.00422279398192039,0.00727351121749111,-0.018478614009351,0.0100330260455103,0.561529223456333,4,4.88427175201881,0.0271024656195249,0.515090143963832,0
domain,sum,0.975,50,-0.00452759525270218,0.00772417761410527,-0.019666705186539,0.0106115146811347,0.557768755688379,4,4.53210703185796,0.0332646373594835,0.475530398127833,0
domain,sum,0.99,50,-0.00461224197680224,0.0083848812556474,-0.0210463072525161,0.0118218232989117,0.58227378810508,4,4.24382184987789,0.0393933934385845,0.461013510290723,0
domain,count,0.9,55,-0.000743265154515591,0.0083838752947798,-0.0171753587831591,0.0156888284741279,0.929356789379176,4,8.2765812216668,0.00401596734879369,0.703377423513446,0
domain,count,0.925,55,-0.000239844203780781,0.00858178796302374,-0.0170598395342667,0.0165801511267051,0.977703588316327,4,8.50426726844985,0.00354314561256592,0.694822042066272,0
domain,count,0.95,55,-0.000812183809477701,0.00879223193724457,-0.0180446417501999,0.0164202741312445,0.926399976509797,4,8.07636085863756,0.00448464156854663,0.666489553969101,0
domain,count,0.975,55,-0.00184418240704315,0.00923167679567221,-0.0199379364434748,0.0162495716293885,0.841662978281324,4,6.96724761375374,0.00830150902232597,0.587405296344381,0
domain,count,0.99,55,-0.00162531370991597,0.0100668136240786,-0.0213559058521871,0.0181052784323552,0.871736903932943,4,4.72364433556922,0.0297506266199761,0.418707017216252,0
domain,frac,0.9,55,-0.000137357014170846,9.6782535951305e-05,-0.000327047298967857,5.23332706261648e-05,0.155830961561493,4,0.242440820148581,0.622448757290402,0,0
domain,frac,0.925,55,-0.000151762345009923,0.000103692458186653,-0.000354995828524188,5.14711385043417e-05,0.143308379092049,4,0.10162901143241,0.749883445610925,0,0
domain,frac,0.95,55,-0.00016211505608492,0.000115299797486481,-0.000388098506583185,6.38683944133443e-05,0.159715005894188,4,0.0243793573119484,0.875923533527605,0,0
domain,frac,0.975,55,-0.000157110941632106,0.000124856152874923,-0.000401824504515182,8.76026212509704e-05,0.208270412702041,4,0.0117180455311827,0.913797445850869,0,0
domain,frac,0.99,55,-0.000117442706661973,0.000144637542798169,-0.000400927081358755,0.000166041668034809,0.416803446276693,4,0.190615306948628,0.662404995602299,0,0
domain,sum,0.9,55,-0.00479750089931956,0.00687675354946136,-0.0182756901868218,0.00868068838818269,0.485402127464789,4,4.59736210630054,0.0320211895810324,0.513428856797861,0
domain,sum,0.925,55,-0.00476712258313123,0.00706112430133562,-0.0186066719041096,0.00907242673784714,0.49959805738025,4,4.84575097314396,0.0277143223262617,0.52159289296489,0
domain,sum,0.95,55,-0.00431827589333941,0.0072882748787299,-0.0186030321650781,0.00996648037839923,0.553518298183835,4,4.59206410395818,0.0321203101848032,0.494686007514484,0
domain,sum,0.975,55,-0.00458002071375991,0.00773658511864154,-0.0197434489096259,0.0105834074821061,0.553853849458471,4,4.26006149995424,0.0390185088108187,0.451949378748941,0
domain,sum,0.99,55,-0.00461540595609756,0.00838878563385342,-0.0210571236724773,0.0118263117602822,0.582190697764821,4,4.07516233020279,0.0435180844045411,0.450583169634944,0
domain,count,0.9,60,-0.00444660706930172,0.00798101331644595,-0.0200891057296704,0.0111958915910669,0.57742618936827,4,3.00508521966892,0.0830036121546497,0.716666041838331,45.1984188093026
domain,count,0.925,60,-0.00315214900988827,0.00817126153396948,-0.019167527324726,0.0128632293049494,0.699674135488292,4,3.74717205018757,0.0528969351856683,0.71426831432663,37.3870437151707
domain,count,0.95,60,-0.00219047426486437,0.00834588389208304,-0.0185481061125001,0.0141671575827714,0.792965565855793,4,4.77248491571219,0.0289180576729861,0.673921227826675,20.636885698829
domain,count,0.975,60,-0.00260574706861499,0.00884635575864582,-0.0199442857499893,0.0147327916127593,0.7683330869232,4,5.48565561859232,0.019173128165608,0.56752995055754,0
domain,count,0.99,60,-0.00307771109402221,0.00964435504703463,-0.0219802996403272,0.0158248774522828,0.749635163425256,4,4.5334548397794,0.0332384510169739,0.500735440431312,0
domain,frac,0.9,60,-0.000158122666467712,0.000111383055236412,-0.000376429443219115,6.01841102836904e-05,0.15571558433833,4,0.00735932340460352,0.931636139176053,0,0
domain,frac,0.925,60,-0.00017257966599563,0.000117500682881279,-0.0004028767726018,5.77174406105393e-05,0.14189936789415,4,0.000904198661532435,0.976011309168118,0,0
domain,frac,0.95,60,-0.000191013033524685,0.000129713238185006,-0.000445246308685362,6.32202416359926e-05,0.140864501407314,4,0.0963576478917302,0.756245173644078,0,0
domain,frac,0.975,60,-0.000203042466306263,0.000140859777239293,-0.000479122556565611,7.30376239530857e-05,0.149457311882136,4,0.253306443394945,0.614756471783305,0,0
domain,frac,0.99,60,-0.000195857824702291,0.000159531752766374,-0.000508534314514932,0.000116818665110351,0.219557977912939,4,0.714458577817123,0.397967633817415,0,0
domain,sum,0.9,60,-0.00500001182377004,0.00687541926315143,-0.0184755859581598,0.00847556231061969,0.467085011368662,4,4.43874080847606,0.035132150136044,0.499078753504003,0
domain,sum,0.925,60,-0.00499720734428102,0.00706178437853691,-0.0188380503928009,0.0088436357042389,0.479168296697454,4,4.60233955739134,0.0319283569941387,0.504589621889982,0
domain,sum,0.95,60,-0.00446592735171646,0.00729197533162909,-0.018757936377864,0.00982608167443108,0.54024396440897,4,4.33070399454397,0.0374307614317597,0.473335761778494,0
domain,sum,0.975,60,-0.00464413834116511,0.00774525956059445,-0.0198245681308447,0.0105362914485145,0.548765900861533,4,3.98586565663061,0.0458835180591987,0.426462703418318,0
domain,sum,0.99,60,-0.00472902923919056,0.0084033554724344,-0.0211993033144496,0.0117412448360684,0.573601813309898,4,3.89434893124796,0.048448814324325,0.436045101543123,0
domain,count,0.9,65,-0.00235314855511097,0.00770643990982451,-0.0174574932273891,0.0127511961171672,0.760100870503585,4,4.55584989484606,0.0328064778797103,0.688331620571601,24.7840043725874
domain,count,0.925,65,-0.00225950835514162,0.00779978729718819,-0.0175468105447035,0.0130277938344202,0.772054587045513,4,4.81424363471554,0.0282254562186227,0.700199763536748,24.8929913819214
domain,count,0.95,65,-0.00217965328770741,0.0080194834484066,-0.0178975520211994,0.0135382454457846,0.785779862469775,4,5.21983503825586,0.0223306692836873,0.68672504286655,19.4986690404544
domain,count,0.975,65,-0.00361500772917934,0.00845826333364794,-0.020192899234885,0.0129628837765263,0.669092658397726,4,5.78655014228755,0.0161492504867687,0.612510970090952,2.49927365378624
domain,count,0.99,65,-0.00444579767740615,0.00919524684542435,-0.0224681503233934,0.0135765549685811,0.628748801829435,4,4.61012539117601,0.0317837091295888,0.523930536090834,0
domain,frac,0.9,65,-0.000158403405256004,0.000128637462735724,-0.000410528199280637,9.37213887686291e-05,0.218175524054711,4,0.416317150126897,0.518780458787552,0,0
domain,frac,0.925,65,-0.000186834099045344,0.000134250561440222,-0.000449960364372461,7.62921662817727e-05,0.164018694631172,4,0.272542411643845,0.601631377645945,0,15.3207807622117
domain,frac,0.95,65,-0.000217686114976784,0.000146149879336328,-0.000504134614820862,6.87623848672939e-05,0.136363189809493,4,0.301413870316982,0.582997405817304,0.00391150675859146,27.5516256348978
domain,frac,0.975,65,-0.000225518723289466,0.000159864178053483,-0.000538846754692391,8.78093081134588e-05,0.15833617750387,4,0.541462992241996,0.461827046708811,0.131683930190643,29.7248411114388
domain,frac,0.99,65,-0.000237002054867069,0.000176610250764121,-0.000583151785665333,0.000109147675931196,0.179612338794143,4,0.856078732999625,0.354838361909505,0.284483283996087,32.785057379107
domain,sum,0.9,65,-0.00515970171411874,0.00689170332850604,-0.0186671920301254,0.0083477886018879,0.454048240688001,4,4.29252090946249,0.0382803666940967,0.484991620509937,0
domain,sum,0.925,65,-0.00530362621784806,0.00706644728686258,-0.0191536083987495,0.00854635596305338,0.452931683064052,4,4.37837128369965,0.0363977615112289,0.489793279886716,0
domain,sum,0.95,65,-0.00470291239720122,0.00730521125436117,-0.0190208633552058,0.00961503856080333,0.519721345475625,4,4.12359367404405,0.0422891557740476,0.456380576783642,0
domain,sum,0.975,65,-0.00472496282163335,0.00775669886358468,-0.0199278132331821,0.0104778875899154,0.542427606688128,4,3.75731643278151,0.0525768972469181,0.399983982468546,0
domain,sum,0.99,65,-0.00481237905759293,0.00842098107486077,-0.0213171986788134,0.0116924405636276,0.567677790860076,4,3.71923084887862,0.0537891433988651,0.420629158622327,0
domain,count,0.9,70,-0.00466414327965008,0.007415697619594,-0.0191986435342937,0.00987035697499357,0.529378236097861,4,5.11565881636586,0.0237108618202882,0.69205639399941,19.3447236602413
domain,count,0.925,70,-0.0051364074687121,0.00755311481494587,-0.0199402404771019,0.00966742553967771,0.496480200963949,4,4.98418141897985,0.02558008457519,0.693631579435188,21.105598712869
domain,count,0.95,70,-0.00534970655590588,0.00774082743469399,-0.0205214495384457,0.00982203642663393,0.489501018627957,4,5.17248032122739,0.0229474290336805,0.664295042939373,14.7592642880096
domain,count,0.975,70,-0.00610432444307267,0.00816982211684936,-0.0221168815521962,0.00990823266605086,0.454955154770807,4,6.06627580173043,0.01377871864536,0.597058327266343,0
domain,count,0.99,70,-0.00742072109471708,0.00889521494464037,-0.0248550220209547,0.0100135798315205,0.404147212935374,4,4.09820779060351,0.0429286961266381,0.490061619941536,1.68527425707484
domain,frac,0.9,70,-0.000229973900373322,0.000147242914572993,-0.000518564709915096,5.86169091684515e-05,0.118319242181258,4,0.304549796904376,0.58104406609809,0,0
domain,frac,0.925,70,-0.000267668281861582,0.000153718966608362,-0.000568951920154687,3.36153564315231e-05,0.0816339178721893,4,0.302584683566856,0.582266575282401,0,0.000931221602622785
domain,frac,0.95,70,-0.000288310580852007,0.00016848326328853,-0.000618531708895305,4.19105471912918e-05,0.0870419854406963,4,0.511352223511359,0.474554074072439,0,0
domain,frac,0.975,70,-0.000316414825431216,0.000180641476800392,-0.000670465614074112,3.76359632116798e-05,0.0798395504690434,4,0.764657861904423,0.381874776049454,0,0
domain,frac,0.99,70,-0.000314888301429699,0.000199380926710504,-0.000705667736986507,7.58911341271089e-05,0.114260358327788,4,1.60962529050558,0.20454448270307,0,0
domain,sum,0.9,70,-0.00520942606143621,0.00688943649935273,-0.0187124734739433,0.00829362135107084,0.44956112439848,4,3.95896044249724,0.0466224872485657,0.452575425566395,0
domain,sum,0.925,70,-0.00544292437595385,0.00706579090262671,-0.019291620067393,0.00840577131548526,0.441109732186547,4,4.02707378794616,0.0447755399992799,0.461825415783383,0
domain,sum,0.95,70,-0.00479852704656954,0.00731212541440602,-0.0191300295092453,0.00953297541610627,0.511668144130192,4,3.7896337843703,0.0515709305579124,0.426965421858888,0
domain,sum,0.975,70,-0.00470313651906781,0.007773853853238,-0.0199396100924922,0.0105333370543566,0.545182848243576,4,3.38004935561725,0.065990078892156,0.352410667228062,0
domain,sum,0.99,70,-0.00468466074091193,0.00842827105066299,-0.021203768452153,0.0118344469703291,0.578329115623552,4,3.46064304701195,0.0628458696388081,0.39460615911844,0
domain,count,0.9,75,-0.0046805152495339,0.00737775873065324,-0.0191406566482402,0.00977962614917239,0.52581405156779,4,5.79185021390956,0.016100635087461,0.621104385767402,2.98574725033854
domain,count,0.925,75,-0.00529449003744671,0.00751265760287674,-0.0200190283672661,0.00943004829237272,0.480970420015569,4,5.80851282224971,0.0159487760485669,0.626480143211148,3.67380222903343
domain,count,0.95,75,-0.00560356720892251,0.00773933952659646,-0.0207723939451788,0.00956525952733383,0.469043096539475,4,4.79619025014159,0.0285227425064657,0.621271276406723,11.7500029639934
domain,count,0.975,75,-0.00602155770814566,0.00818728825839607,-0.0220683478256496,0.0100252324093583,0.462049376909982,4,5.13003999836299,0.0235151857820805,0.575197209322616,2.3931751968227
domain,count,0.99,75,-0.00657994322911941,0.0088520731339054,-0.0239296877600886,0.0107698013018498,0.457286582677508,4,3.1251081922267,0.0770947539768854,0.48940721633025,12.8882861215726
domain,frac,0.9,75,-0.000264711360365534,0.000155831699354973,-0.000570135878750955,4.07131580198865e-05,0.0893756597335165,4,0.695489902920968,0.40430331472051,0,1.07511204813514
domain,frac,0.925,75,-0.000294114454556574,0.000162783661220946,-0.000613164567821197,2.49356587080481e-05,0.0707964051466898,4,0.774419029123512,0.378853452453662,0,0.108512593724207
domain,frac,0.95,75,-0.000320193520169445,0.000177837910948752,-0.00066874942071484,2.83623803759506e-05,0.0717849513190243,4,1.1429321753831,0.285033595646405,0,0
domain,frac,0.975,75,-0.000350969289243651,0.000190388247840223,-0.000724123398090173,2.21848196028712e-05,0.0652648115488013,4,1.51743656121848,0.218007830477209,0.0144474947848187,0
domain,frac,0.99,75,-0.000354273849348844,0.000209208362449319,-0.000764314705014112,5.57670063164238e-05,0.0903789835883055,4,2.56590029268151,0.109190380259129,0.165867098792626,0
domain,sum,0.9,75,-0.00531029571692012,0.00689521605254454,-0.0188246708455299,0.00820407941168962,0.44121564409816,4,3.59969868245685,0.057790044699135,0.41164258659982,0
domain,sum,0.925,75,-0.00542287520480073,0.00706820765417187,-0.0192763076422279,0.00843055723262646,0.442950309160884,4,3.67322922411387,0.0552929585013711,0.430353306329545,0
domain,sum,0.95,75,-0.00477157781293449,0.00731905890364829,-0.0191166696648123,0.00957351403894336,0.514440712255042,4,3.43245742580439,0.0639269129221308,0.395954104902552,0
domain,sum,0.975,75,-0.00456797317824577,0.00778679105682228,-0.019829803204756,0.0106938568482645,0.557451544773744,4,3.00195086156881,0.0831643203371701,0.302813045247966,0
domain,sum,0.99,75,-0.00424802843845533,0.00844059852109779,-0.020791297547769,0.0122952406708584,0.61476376008666,4,3.20283475002679,0.0735107511478119,0.367783712759794,0
domain,count,0.9,80,-0.00471755331918014,0.00720670458206984,-0.0188424347472568,0.00940732810889652,0.512721347492784,4,4.13100708065671,0.0421042870806796,0.514165506519928,3.489938080695
domain,count,0.925,80,-0.00549601954312368,0.00737559652907674,-0.0199519231046127,0.00895988401836535,0.456173359015643,4,4.72289515186855,0.0297635904110295,0.527756051802005,0
domain,count,0.95,80,-0.00605107745410486,0.00761412552102843,-0.0209744892490879,0.00887233434087814,0.426777953042059,4,4.6514771766429,0.0310268366817311,0.52519712990482,0
domain,count,0.975,80,-0.00675437997071674,0.00805140848877607,-0.0225348506335379,0.00902609069210441,0.401521706424229,4,4.25720582043802,0.0390841586855521,0.47077925010815,0
domain,count,0.99,80,-0.00691313630532315,0.00867214366478189,-0.0239102255570528,0.0100839529464065,0.425354748044684,4,3.47377419124983,0.0623489006491452,0.411593981504572,0
domain,frac,0.9,80,-0.000311964374368845,0.000164680284617892,-0.000634731801183719,1.08030524460292e-05,0.0581767342148021,4,0.242923976971999,0.622102195008879,0.26832340083774,38.7921337257732
domain,frac,0.925,80,-0.000324951606976144,0.000175250979424317,-0.000668437214903175,1.85340009508874e-05,0.0637095394541364,4,0.636639741972847,0.424930221057301,0.18778580495677,19.3495565486288
domain,frac,0.95,80,-0.000376020277175101,0.000187465611171888,-0.000743446123411791,-8.59443093841105e-06,0.0448765918677079,4,0.597885045219766,0.439386116800317,0.291590306489318,29.1713218727959
domain,frac,0.975,80,-0.000394026573099634,0.000200445887601624,-0.000786893293647982,-1.15985255128687e-06,0.0493274559429469,4,1.19895392854948,0.273530854540646,0.297470242970807,16.5548412458116
domain,frac,0.99,80,-0.000412340073754558,0.000219982322828948,-0.00084349750373476,1.88173562256439e-05,0.0608720530299627,4,2.06444026130206,0.150770278567693,0.43271136618619,13.4634774338591
domain,sum,0.9,80,-0.00570934262266447,0.00687769649129392,-0.019189380042198,0.0077706947968691,0.406468539253149,4,3.34322738273428,0.0674821260100011,0.380922143581663,0
domain,sum,0.925,80,-0.00561930360612493,0.00706837683332097,-0.0194730676285913,0.00823446041634145,0.426618108788088,4,3.43808796343999,0.0637093827023304,0.405821027856211,0
domain,sum,0.95,80,-0.00479114605776576,0.00732554871583307,-0.0191489577077922,0.00956666559226069,0.513090944943895,4,3.08810993079964,0.0788663659152276,0.358755893759072,0
domain,sum,0.975,80,-0.00425804877953767,0.00779601851891732,-0.0195379642994229,0.0110218667403476,0.584940503541291,4,2.63242180059711,0.104701901032329,0.261096183770074,0
domain,sum,0.99,80,-0.00404425942093116,0.00845535661246343,-0.0206164538578021,0.0125279350159398,0.632431448433079,4,2.96321287247329,0.0851785322436599,0.338736518881625,0
hashtag,count,0.9,40,-0.00200859736845995,0.00997092083465187,-0.0215512430970777,0.0175340483601578,0.840350222022215,4,10.6377568053584,0.00110801989299193,0.744136046378341,0
hashtag,count,0.925,40,0.00138371410161896,0.010162902108691,-0.0185352080098216,0.0213026362130595,0.891699980324598,4,9.70787105831781,0.00183480446104613,0.709644831174759,0
hashtag,count,0.95,40,0.0029351694891059,0.0105393914309063,-0.0177216581344405,0.0235919971126523,0.780632280907253,4,8.48759017653017,0.00357577125585143,0.666572942148102,0
hashtag,count,0.975,40,0.00272670781921775,0.0113106265753417,-0.0194417129110335,0.024895128549469,0.809497090118643,4,6.08363600160972,0.0136439666414695,0.543555733010058,0
hashtag,count,0.99,40,0.00447509030389298,0.0127225839572566,-0.0204607160426171,0.029410896650403,0.725030393035746,4,3.70810109386622,0.0541489614243905,0.267425800691105,0
hashtag,frac,0.9,40,-8.81619928686423e-05,8.27893939892359e-05,-0.000250426223389442,7.41022376521569e-05,0.286923550945809,4,0.865514152172292,0.352200181874764,0,0
hashtag,frac,0.925,40,-0.000101240404508967,8.96904527325736e-05,-0.000277030461621903,7.4549652603969e-05,0.258992461576488,4,0.593314553481206,0.441140256108099,0,0
hashtag,frac,0.95,40,-0.000104614615022956,9.60519500243872e-05,-0.000292872977715596,8.36437476696839e-05,0.276089425480135,4,0.349316572371063,0.554500257031515,0,0
hashtag,frac,0.975,40,-9.44315307628119e-05,0.000104304645484934,-0.000298864879333501,0.000110001817807877,0.365283448333054,4,0.0298690134795884,0.862787773786963,0,0
hashtag,frac,0.99,40,-8.55261157539417e-05,0.000121384608722125,-0.000323435577126793,0.00015238334561891,0.481066786090605,4,0.00383379000383648,0.950628446381333,0,0
hashtag,sum,0.9,40,-0.00770692254693884,0.00734602854404016,-0.0221048739226608,0.00669102882878307,0.294119316455424,4,8.29949279075037,0.00396561523113719,0.64882885969774,0
hashtag,sum,0.925,40,-0.00703804343797934,0.00755393932464228,-0.021843492455679,0.00776740557972035,0.351488974435776,4,8.40588692011267,0.00374007881882656,0.650645499619805,0
hashtag,sum,0.95,40,-0.00643290013224546,0.00782854125386107,-0.0217765590412992,0.00891075877680828,0.411234004000262,4,7.96825539244949,0.00476047981822873,0.631146138414422,0
hashtag,sum,0.975,40,-0.00599487624808681,0.00844225294798695,-0.0225413879745183,0.0105516354783447,0.477639744391364,4,7.13930671965117,0.00754123081079076,0.591603821026698,0
hashtag,sum,0.99,40,-0.00546560249764623,0.00936239919203325,-0.0238155677229183,0.0128843627276258,0.559366819473842,4,6.08833067603793,0.0136077593685164,0.534649267063907,0
hashtag,count,0.9,45,-0.00354542452307831,0.00973437377877472,-0.0226244465415278,0.0155335974953712,0.715695965064143,4,12.0326655692755,0.000522762641546414,0.772657806752852,0
hashtag,count,0.925,45,-0.000690985457041856,0.00996604871434021,-0.0202240820053204,0.0188421110912366,0.94472380784615,4,11.1055361883549,0.000860704014878731,0.745032554868819,0
hashtag,count,0.95,45,0.000838999291256597,0.0102347201137973,-0.0192206835236337,0.0208986821061469,0.934665963524002,4,10.1097167045257,0.00147489633610403,0.719803318249026,0
hashtag,count,0.975,45,0.000615000560291203,0.0109854002676079,-0.020915988319977,0.0221459894405594,0.95535499482824,4,7.7016632647254,0.00551699640668421,0.639054081365884,0
hashtag,count,0.99,45,0.00113015798725773,0.0123661277843218,-0.0231070070982331,0.0253673230727486,0.927181578479801,4,4.54403172327069,0.0330337004096743,0.375490470404666,0
hashtag,frac,0.9,45,-0.000105247657105068,8.56613330650657e-05,-0.000273140784780287,6.26454705701512e-05,0.219203672283412,4,1.13203083530838,0.287342572294471,0,0
hashtag,frac,0.925,45,-0.00011772208695842,9.30932223232443e-05,-0.000300181449916759,6.47372759999186e-05,0.206028630553307,4,0.771964756587301,0.379609924624464,0,0
hashtag,frac,0.95,45,-0.000121038913230142,9.94841462731993e-05,-0.000316024256958328,7.39464304980428e-05,0.223731569200563,4,0.501810950199421,0.478705485350404,0,0
hashtag,frac,0.975,45,-0.000108914858119478,0.0001110122222981,-0.000326494815667509,0.000108665099428552,0.326540024435096,4,0.10517006506822,0.745711415641289,0,0
hashtag,frac,0.99,45,-9.17225387734359e-05,0.000125674593689852,-0.00033804021617725,0.000154595138630378,0.465487050732347,4,0.0510157826218251,0.821305069791324,0,0
hashtag,sum,0.9,45,-0.00785437969528474,0.00735213983466266,-0.0222643089805258,0.00655554958995634,0.285379767567724,4,8.17887492155969,0.00423810379374565,0.644631044755287,0
hashtag,sum,0.925,45,-0.00728782879943288,0.00755870330371584,-0.0221026150445398,0.00752695744567408,0.334963763924773,4,8.25781307196791,0.00405769802053197,0.645194597019446,0
hashtag,sum,0.95,45,-0.00656660640367912,0.00784644303916759,-0.0219453521671926,0.00881213935983435,0.402654639104044,4,7.75351430969792,0.00536081227250312,0.622739630206469,0
hashtag,sum,0.975,45,-0.0062042195565841,0.00845411507189847,-0.0227739806186623,0.0103655415054941,0.463028107574526,4,6.88470923810805,0.00869362086235519,0.58001047874806,0
hashtag,sum,0.99,45,-0.00570768422300461,0.00936725750418241,-0.0240671715651147,0.0126518031191055,0.542310451219764,4,5.99836466669224,0.0143191451822989,0.529646944336005,0
hashtag,count,0.9,50,-0.00509013785470678,0.00939222590462153,-0.0234985623624291,0.0133182866530156,0.58785140865137,4,11.9682514931164,0.000541146969442514,0.754886573523064,0
hashtag,count,0.925,50,-0.00282246631260725,0.00958873051982363,-0.0216160327889216,0.0159711001637071,0.768488598219442,4,11.120794479973,0.000853652130764557,0.732394917963411,0
hashtag,count,0.95,50,-0.00180697300010877,0.00997587032845869,-0.0213593195583296,0.017745373558112,0.856262106405511,4,10.4879433124267,0.00120156049806899,0.716175185521565,0
hashtag,count,0.975,50,-0.00115393473568911,0.0106371354984548,-0.0220023372113331,0.0196944677399548,0.913613581681657,4,8.34274077339749,0.00387231377489466,0.643231323699979,0
hashtag,count,0.99,50,0.000911198844388807,0.011842132631947,-0.0222989546143738,0.0241213523031514,0.938666899170979,4,5.46048466842595,0.0194512507703384,0.471580568930346,0
hashtag,frac,0.9,50,-0.000109388656581893,8.96835407530294e-05,-0.000285165166463861,6.63878533000749e-05,0.222571678831687,4,0.881082027698574,0.347905491974821,0,0
hashtag,frac,0.925,50,-0.000125650421340701,9.71971149879651e-05,-0.000316153266118311,6.48524234369092e-05,0.196101628655241,4,0.556629702148456,0.455621383077548,0,0
hashtag,frac,0.95,50,-0.000131047071850824,0.000106043450905851,-0.000338888416422633,7.67942727209855e-05,0.216537910507134,4,0.360796306193558,0.548064319728449,0,0
hashtag,frac,0.975,50,-0.000135379506356962,0.00011575586353776,-0.000362256829890304,9.14978171763804e-05,0.242191722444715,4,0.0684618880516508,0.79358957469612,0,0
hashtag,frac,0.99,50,-0.000128540286227086,0.000131021862081317,-0.000385338417093842,0.00012825784463967,0.326563236302118,4,0.00127913211435265,0.971469775831379,0,0
hashtag,sum,0.9,50,-0.00794833929693238,0.00736814072322113,-0.0223896297474687,0.00649295115360394,0.280701762215812,4,7.92443184484442,0.00487716578320919,0.635136196788117,0
hashtag,sum,0.925,50,-0.00752264722527494,0.00757375457853819,-0.0223669334269551,0.00732163897640523,0.320587140895192,4,8.0259901221452,0.00461108114622707,0.636216391740383,0
hashtag,sum,0.95,50,-0.00682154224872625,0.0078534991235893,-0.0222141176835782,0.00857103318612566,0.385066448452402,4,7.52006454522537,0.00610154938639057,0.613002257686875,0
hashtag,sum,0.975,50,-0.00636124901590966,0.00847093721604852,-0.0229639808746648,0.0102414828428454,0.45268283890501,4,6.57754485897553,0.0103273240700812,0.564191482276861,0
hashtag,sum,0.99,50,-0.00577703697017456,0.00937962321659642,-0.0241607606632593,0.0126066867229102,0.537951582511389,4,5.85725979458188,0.0155129269298739,0.522323216760382,0
hashtag,count,0.9,55,-0.00453828781791922,0.00898120853874904,-0.0221411330915109,0.0130645574556725,0.613341641705092,4,12.0767983470001,0.000510531944201439,0.759092160539023,0
hashtag,count,0.925,55,-0.00323330090953714,0.00923779642842038,-0.0213390492057538,0.0148724473866795,0.726332835395186,4,11.7591372631064,0.000605452828422418,0.749036163455102,0
hashtag,count,0.95,55,-0.00266493442214907,0.00956068036196513,-0.0214035235993001,0.016073654755002,0.780445135433397,4,10.5337436538097,0.00117214536028838,0.71836040855303,0
hashtag,count,0.975,55,-0.00155266112128068,0.0102356883862019,-0.0216142417152113,0.0185089194726499,0.87943070882525,4,8.07910845424779,0.00447784702418438,0.631434305660899,0
hashtag,count,0.99,55,-0.000736665419410074,0.011496190061193,-0.0232687838987757,0.0217954530599555,0.948907249873662,4,5.34169699047411,0.0208211946653301,0.472995674059328,0
hashtag,frac,0.9,55,-0.00012937152526804,9.96899181676072e-05,-0.000324760174498295,6.60171239622158e-05,0.194376931915014,4,0.183674658945535,0.668234131641748,0,0
hashtag,frac,0.925,55,-0.000143887460490126,0.00010742679783029,-0.000354440115211959,6.6665194231707e-05,0.18044046677721,4,0.0679377589810826,0.794363409261036,0,0
hashtag,frac,0.95,55,-0.000152327229549351,0.000120537281742104,-0.000388575960558233,8.39215014595302e-05,0.206325015839062,4,0.00704381313533734,0.933114132265822,0,0
hashtag,frac,0.975,55,-0.000146983045808742,0.000129559262175614,-0.000400914533536528,0.000106948441919044,0.256591141983666,4,0.0352894047165169,0.850990520369231,0,0
hashtag,frac,0.99,55,-0.00012403846287906,0.00014904520625415,-0.000416161699205538,0.000168084773447419,0.405284544636031,4,0.165285548428986,0.684336136277316,0,0
hashtag,sum,0.9,55,-0.0081721356918818,0.00736810566523019,-0.0226133574300185,0.0062690860462549,0.267377110466277,4,7.74201178044723,0.00539506622265471,0.628228822287821,0
hashtag,sum,0.925,55,-0.00778597893452393,0.00758996031070694,-0.022662027787598,0.0070900699185501,0.304973589154776,4,7.78007988556659,0.00528254612925889,0.626275032900124,0
hashtag,sum,0.95,55,-0.00703113131628986,0.00786838860806677,-0.022452889604466,0.00839062697188627,0.371540078380589,4,7.20063781517379,0.00728776749569155,0.599454886684398,0
hashtag,sum,0.975,55,-0.0064992221330184,0.00848349344819678,-0.0231265637545656,0.0101281194885288,0.443615554481478,4,6.26412800717107,0.0123206793658393,0.5479841745434,0
hashtag,sum,0.99,55,-0.0059419524129306,0.00938249515637364,-0.0243313050045444,0.0124474001786832,0.526536484696752,4,5.7098976241751,0.0168695231633068,0.514744212371607,0
hashtag,count,0.9,60,-0.00953372353026839,0.00853737083380874,-0.0262666628871962,0.00719921582665943,0.26412053774789,4,11.6167249028355,0.000653613928948575,0.757423449987717,0
hashtag,count,0.925,60,-0.00783532589078102,0.00879889383938942,-0.0250808409197756,0.0094101891382136,0.373202901731644,4,11.8006475602319,0.000592101225833565,0.756455915156499,0
hashtag,count,0.95,60,-0.00610291525181207,0.0090699053586811,-0.0238796030980139,0.0116737725943897,0.501026629937874,4,10.7431241707997,0.00104667482256996,0.724990400897256,0
hashtag,count,0.975,60,-0.00540356446700854,0.00979185595824065,-0.0245952494869642,0.0137881205529471,0.581056112671828,4,8.2143573040795,0.00415602323442024,0.635313809470276,0
hashtag,count,0.99,60,-0.00561543232861711,0.0109866801263008,-0.0271489296858287,0.0159180650285945,0.609272106255984,4,6.7329882624389,0.00946459105349312,0.559077245388846,0
hashtag,frac,0.9,60,-0.000155356667891333,0.0001136075681595,-0.000378023409855131,6.73100740724659e-05,0.171473273589976,4,0.00423316978654625,0.94812398767261,0,0
hashtag,frac,0.925,60,-0.00016923291408802,0.000120501360592992,-0.000405411240938358,6.69454127623179e-05,0.160197786992889,4,0.00314051936527028,0.955309673396213,0,0
hashtag,frac,0.95,60,-0.000185385193654355,0.000134652699894035,-0.000449299635867744,7.85292485590352e-05,0.16858475600295,4,0.128244655479908,0.720259027946522,0,0
hashtag,frac,0.975,60,-0.000196361154358165,0.000145229364159962,-0.000481005477609343,8.82831688930135e-05,0.176350967525356,4,0.312048108223348,0.576426095376689,0,0
hashtag,frac,0.99,60,-0.00020657704548806,0.000162743042640194,-0.000525547547797307,0.000112393456821187,0.204318091362889,4,0.639463960881563,0.423904971355644,0,0
hashtag,sum,0.9,60,-0.0083481178181368,0.00736502567396528,-0.0227833028843216,0.00608706724804798,0.257012250020219,4,7.48994542704485,0.00620444363874843,0.618893575559284,0
hashtag,sum,0.925,60,-0.00806890788868718,0.00758880561911978,-0.0229426935878371,0.00680487781046277,0.287662002833029,4,7.47489116146178,0.00625653473697709,0.614521164060084,0
hashtag,sum,0.95,60,-0.00721102228313123,0.00787072129084089,-0.022637352545532,0.00821530797926951,0.359570837829391,4,6.85317021876229,0.00884841274577857,0.585270097600165,0
hashtag,sum,0.975,60,-0.00660934986576583,0.00849187877118553,-0.0232531264183697,0.0100344266868381,0.436383803887857,4,5.90914892169359,0.0150624472078837,0.530538864593422,0
hashtag,sum,0.99,60,-0.00615066943607955,0.00940050610569448,-0.0245753228396896,0.0122739839675305,0.512924144712378,4,5.51299960031855,0.018875647903557,0.50324830705803,0
hashtag,count,0.9,65,-0.00684355278305479,0.00826091339065784,-0.0230346455081488,0.00934753994203924,0.407429468924755,4,11.7096308520309,0.000621774530893023,0.744630400262958,0
hashtag,count,0.925,65,-0.00627891163052018,0.00840894986825477,-0.0227601505201024,0.010202327259062,0.455248348531896,4,11.9730659866441,0.000539750580970477,0.749674754730664,0
hashtag,count,0.95,65,-0.00564909646062712,0.00871019005143107,-0.0227207552599311,0.0114225623386769,0.516621659099992,4,11.2778916761042,0.000784355834301915,0.734675204864753,0
hashtag,count,0.975,65,-0.00591893511744343,0.00935081374798604,-0.0242461932896381,0.0124083230547512,0.526742720718141,4,8.71900521388248,0.00314909823708152,0.665155013007779,0
hashtag,count,0.99,65,-0.00581795180851618,0.010433080520051,-0.0262664138756225,0.0146305102585901,0.577087042695881,4,6.34458515365761,0.0117740141325665,0.572276244973855,0
hashtag,frac,0.9,65,-0.00014703960115648,0.000127052464169337,-0.000396057855075447,0.000101978652762487,0.247144077602294,4,0.514806756086285,0.47306541888521,0,0
hashtag,frac,0.925,65,-0.000172589365891048,0.000133631578403665,-0.000434502446759472,8.93237149773758e-05,0.196519509589013,4,0.595497259208856,0.440301201222879,0,0
hashtag,frac,0.95,65,-0.000193847734390041,0.000147348366506132,-0.000482645225922868,9.49497571427855e-05,0.188316940780134,4,0.857535492904515,0.354429286584122,0,3.63850558266262
hashtag,frac,0.975,65,-0.000189961209761661,0.000159956936622587,-0.000503471044619288,0.000123548625095966,0.235000027749036,4,1.71063069943796,0.190903560920385,0.0668993837444887,0
hashtag,frac,0.99,65,-0.000200524293344023,0.000174057275080403,-0.000541670283748794,0.000140621697060748,0.249296727867611,4,2.11383499740422,0.145973099510264,0.249220161566785,4.28493757235711
hashtag,sum,0.9,65,-0.0085076142659632,0.00738192947040739,-0.0229759301643765,0.00596070163245012,0.249118977154308,4,7.27776759653267,0.0069813244350906,0.609881325557652,0
hashtag,sum,0.925,65,-0.00845290257531241,0.00759169495074112,-0.0233323512603796,0.00642654610975476,0.265519178659038,4,7.20845412329675,0.00725609651451428,0.60348348218149,0
hashtag,sum,0.95,65,-0.0074626528923942,0.00788401788050505,-0.0229150439916539,0.0079897382068655,0.343865819762728,4,6.55902492524852,0.0104353531539665,0.573408781906625,0
hashtag,sum,0.975,65,-0.00670413337156097,0.00850104222374752,-0.0233658699611604,0.00995760321803846,0.430331287119626,4,5.59417061546058,0.0180203407909348,0.512486556122213,0
hashtag,sum,0.99,65,-0.00633019571684947,0.00942261793157465,-0.0247981875028171,0.0121377960691182,0.501705556080914,4,5.31978361279434,0.0210846295562287,0.491178399700623,0
hashtag,count,0.9,70,-0.00829440267180143,0.00793159564591154,-0.0238400444777228,0.0072512391341199,0.295680167232584,4,11.4233561991223,0.000725265638328684,0.742747598635506,0
hashtag,count,0.925,70,-0.00854450129665743,0.00811128980333051,-0.0244423371793522,0.00735333458603735,0.292153828693742,4,11.2675043075369,0.000788756992614894,0.738877094585932,0
hashtag,count,0.95,70,-0.00839738037061437,0.00836289901716411,-0.0247883612506014,0.0079936005093727,0.315319265957634,4,10.2680244473424,0.00135355662293137,0.710868500033576,0
hashtag,count,0.975,70,-0.00776630235703816,0.00897698493122686,-0.0253608695120016,0.00982826479792526,0.386964788207793,4,8.45275777644408,0.00364490330109014,0.645866589812306,0
hashtag,count,0.99,70,-0.00939361523951528,0.0100145113096407,-0.02902169672918,0.0102344662501495,0.348244223773878,4,6.23922096135395,0.0124951426972503,0.53658056502699,0
hashtag,frac,0.9,70,-0.000214699428671846,0.000140648480468251,-0.000490365384869902,6.09665275262103e-05,0.126886234000448,4,0.388063763685197,0.533318929539071,0,0
hashtag,frac,0.925,70,-0.000250708420555044,0.000148567362250488,-0.000541895099844116,4.04782587340291e-05,0.0915059609531045,4,0.387342983397867,0.533699359331168,0,1.18197874438677
hashtag,frac,0.95,70,-0.000265551392898216,0.000165264192912946,-0.00058946325894167,5.83604731452387e-05,0.108091758548583,4,0.675687016153125,0.411075852743156,0,0
hashtag,frac,0.975,70,-0.000285863274127919,0.000175821562778314,-0.000630467204878963,5.87406566231239e-05,0.103976986673116,4,1.0082750470564,0.315316439260412,0,0
hashtag,frac,0.99,70,-0.000293563799050639,0.000190592509490174,-0.000667118253374488,7.99906552732106e-05,0.123494713728118,4,1.74079717524322,0.187037851066289,0,0
hashtag,sum,0.9,70,-0.00859430839901483,0.00737884327253782,-0.0230565754607546,0.00586795866272496,0.244131139911226,4,6.82487882574929,0.00898966549959097,0.590916796480034,0
hashtag,sum,0.925,70,-0.00869738907299965,0.0075915376822762,-0.0235765295175397,0.00618175137154037,0.251932152319292,4,6.78718858666921,0.00918143926709948,0.585222371745136,0
hashtag,sum,0.95,70,-0.00760111517702046,0.00789218221319563,-0.0230695080743115,0.00786727772027058,0.335487519445961,4,6.11472508057485,0.0134060262840633,0.554761290393596,0
hashtag,sum,0.975,70,-0.00669258282254007,0.00852080882268015,-0.0233930612341443,0.0100078955890642,0.432195722648452,4,5.08173691442822,0.0241791360905147,0.481653378123229,0
hashtag,sum,0.99,70,-0.00622656003780988,0.00943163918184021,-0.0247122331493935,0.0122591130737738,0.509139653030023,4,4.97388478019625,0.0257327885939939,0.471836488046025,0
hashtag,count,0.9,75,-0.00827328305439434,0.00790748739335838,-0.0237716735535813,0.00722510744479259,0.295441282524422,4,9.76486528875155,0.00177878548597068,0.695067263517741,0
hashtag,count,0.925,75,-0.00859615995422223,0.00808203635567748,-0.0244366601330934,0.00724434022464899,0.287503993623679,4,9.69189192258973,0.0018508287609446,0.691314318868723,0
hashtag,count,0.95,75,-0.0089325747599484,0.00837893714727564,-0.0253549897973334,0.00748984027743664,0.286389775312971,4,9.31561958274853,0.00227208534206934,0.678048567418671,0
hashtag,count,0.975,75,-0.00843609209274139,0.00901455512794104,-0.0261042954801567,0.0092321112946739,0.349360667446742,4,7.9752179659066,0.00474220458017521,0.630409114927393,0
hashtag,count,0.99,75,-0.00911902843355355,0.00997837726863597,-0.0286762885042332,0.0104382316371261,0.360780482357131,4,6.00781001201922,0.0142426934563852,0.537587987976552,0
hashtag,frac,0.9,75,-0.000254146914030939,0.000146735930568963,-0.000541744053184077,3.34502251221978e-05,0.0832732199186731,4,0.714017349200107,0.398113366674065,0,2.51416397234437
hashtag,frac,0.925,75,-0.000284421584482797,0.000155291143639835,-0.00058878663313491,1.99434641693152e-05,0.067020325568999,4,0.814983091640755,0.36665108724007,0,0.0080229625276304
hashtag,frac,0.95,75,-0.000309994394694598,0.000172345227540973,-0.000647784833582267,2.779604419307e-05,0.0720688728241439,4,1.19700069373562,0.273921968070742,0,0
hashtag,frac,0.975,75,-0.000331122492448845,0.000182996369082513,-0.000689788785152168,2.75438002544789e-05,0.0703813652650106,4,1.6535046422448,0.19848260099992,0.0456223975550307,0
hashtag,frac,0.99,75,-0.000349992280402217,0.000197149176509879,-0.00073639756594331,3.64130051388751e-05,0.0758539343550256,4,2.42319332534177,0.119551003691071,0.156423061552749,0
hashtag,sum,0.9,75,-0.00872571851281664,0.0073849090381579,-0.0231998742567104,0.00574843723107716,0.237380043207644,4,6.31217875199741,0.0119911394478878,0.567466845053105,0
hashtag,sum,0.925,75,-0.00876346544066538,0.00759342868061432,-0.0236463121738429,0.00611938129251219,0.248465144170305,4,6.32954099734416,0.0118743045754216,0.566207423972689,0
hashtag,sum,0.95,75,-0.00760667887539864,0.00789680821313053,-0.0230841385659546,0.0078707808151573,0.335417099826394,4,5.62553154323899,0.0177006971436519,0.536323483274806,0
hashtag,sum,0.975,75,-0.00650443804903182,0.00853321898157913,-0.0232292399251205,0.0102203638270568,0.445911377242472,4,4.52623773091913,0.0333789225560261,0.451101988869127,0
hashtag,sum,0.99,75,-0.00580725896608659,0.00944244502996384,-0.0243141111508149,0.0126995932186418,0.538543860724539,4,4.62472359780423,0.0315143385261722,0.453704430305368,0
hashtag,count,0.9,80,-0.00852999407384204,0.00773131525438978,-0.0236830935255711,0.00662310537788704,0.269895000085679,4,7.61707066322529,0.00578183305634673,0.62746579778597,0
hashtag,count,0.925,80,-0.00888808338644081,0.0079433197428307,-0.0244567040000749,0.00668053722719332,0.263166532110527,4,7.70270407299885,0.00551381612242517,0.625324181767863,0
hashtag,count,0.95,80,-0.00931171852578295,0.00824946425496072,-0.0254803713572565,0.00685693430569061,0.258996366840026,4,7.51057714209138,0.00613377142462513,0.60907511147046,0
hashtag,count,0.975,80,-0.00887065625016224,0.0088595574679669,-0.0262350698063402,0.00849375730601576,0.316704631507772,4,6.30850686904247,0.0120159993247219,0.550574973643088,0
hashtag,count,0.99,80,-0.0082457673683271,0.00976296919125634,-0.0273808353653637,0.0108893006287095,0.39833629204118,4,4.91401366082972,0.0266396695388415,0.474502229445724,0
hashtag,frac,0.9,80,-0.000287147249348381,0.000152210732713129,-0.000585474803526567,1.11803048298052e-05,0.059226102944564,4,0.342986047808826,0.558110668835702,0.2871080896623,40.0747774050208
hashtag,frac,0.925,80,-0.00030529669623576,0.000163942810407162,-0.000626618700158075,1.60253076865552e-05,0.0625728463232653,4,0.834043056779351,0.361106036326014,0.201498536161261,16.1667331498074
hashtag,frac,0.95,80,-0.000359434673299759,0.000178787021800029,-0.000709850796930993,-9.0185496685255e-06,0.0443881342671503,4,0.702956589371906,0.401792017166942,0.303451966150057,29.0472716617402
hashtag,frac,0.975,80,-0.000367503690183428,0.000189459410715162,-0.000738837311717327,3.8299313504712e-06,0.052410209312024,4,1.48470225443053,0.223040257753754,0.320727311326972,13.023356825865
hashtag,frac,0.99,80,-0.000399306411872896,0.000203465444854033,-0.000798091355885221,-5.21467860570995e-07,0.0497011701627107,4,1.9441958001662,0.163213683969755,0.427943884108611,16.3814599373353
hashtag,sum,0.9,80,-0.00917030170685189,0.00736398388177306,-0.0236034448978606,0.00526284148415677,0.213024859860845,4,5.97160676133258,0.0145380282051764,0.547181616757512,0
hashtag,sum,0.925,80,-0.0090535162472267,0.00759097714937807,-0.0239315580674742,0.00582452557302085,0.232999386037798,4,6.04601646413183,0.0139377066404139,0.549683058873844,0
hashtag,sum,0.95,80,-0.00768242342538581,0.00790091339492766,-0.0231679291244141,0.00780308227364248,0.330878327638714,4,5.16782327769527,0.0230090295943021,0.514300474121719,0
hashtag,sum,0.975,80,-0.00625435717867735,0.00853655799269441,-0.0229857033962959,0.0104769890389412,0.463768499117678,4,4.04897220434316,0.0441982467593352,0.428194468584076,0
hashtag,sum,0.99,80,-0.00567195626104019,0.00945695268446359,-0.0242072429260882,0.0128633304040078,0.548662366317906,4,4.33014237999725,0.0374431136170949,0.433370145213949,0
